{"properties":{"connectionReferences":{"shared_commondataserviceforapps":{"impersonation":{},"runtimeSource":"embedded","connection":{},"api":{"name":"shared_commondataserviceforapps"}}},"definition":{"$schema":"https://schema.management.azure.com/providers/Microsoft.Logic/schemas/2016-06-01/workflowdefinition.json#","contentVersion":"1.0.0.0","parameters":{"$connections":{"defaultValue":{},"type":"Object"},"$authentication":{"defaultValue":{},"type":"SecureObject"}},"triggers":{"When_a_record_is_created,_updated_or_deleted":{"type":"OpenApiConnectionWebhook","inputs":{"host":{"apiId":"/providers/Microsoft.PowerApps/apis/shared_commondataserviceforapps","connectionName":"shared_commondataserviceforapps","operationId":"SubscribeWebhookTrigger"},"parameters":{"subscriptionRequest/message":3,"subscriptionRequest/entityname":"hp_candidato","subscriptionRequest/scope":4,"subscriptionRequest/name":"5c061d78-30be-ea11-a812-000d3ac02f8c"},"authentication":"@parameters('$authentication')"}}},"actions":{"Condition":{"actions":{"List_records":{"runAfter":{},"type":"OpenApiConnection","inputs":{"host":{"apiId":"/providers/Microsoft.PowerApps/apis/shared_commondataserviceforapps","connectionName":"shared_commondataserviceforapps","operationId":"ListRecords"},"parameters":{"entityName":"contacts","fetchXml":"<fetch version=\"1.0\" output-format=\"xml-platform\" mapping=\"logical\" distinct=\"true\">\n  <entity name=\"contact\">\n    <attribute name=\"fullname\" />\n    <attribute name=\"telephone1\" />\n    <attribute name=\"contactid\" />\n    <attribute name=\"hp_notadoteste\" />\n    <attribute name=\"hp_conhecimento\" />\n    <order attribute=\"hp_notadoteste\" descending=\"true\" />\n    <link-entity name=\"hp_candidato\" from=\"hp_contato\" to=\"contactid\" link-type=\"inner\" alias=\"ab\">\n      <filter type=\"and\">\n        <condition attribute=\"hp_candidatoid\" operator=\"eq\" uitype=\"hp_candidato\" value=\"@{triggerOutputs()?['body/hp_candidatoid']}\" />\n      </filter>\n    </link-entity>\n  </entity>\n</fetch>","$top":1},"authentication":"@parameters('$authentication')"}},"Apply_to_each":{"foreach":"@outputs('List_records')?['body/value']","actions":{"Update_a_record":{"runAfter":{},"type":"OpenApiConnection","inputs":{"host":{"apiId":"/providers/Microsoft.PowerApps/apis/shared_commondataserviceforapps","connectionName":"shared_commondataserviceforapps","operationId":"UpdateRecord"},"parameters":{"entityName":"hp_vagas","recordId":"@triggerOutputs()?['body/_hp_vaga_value']","item/hp_CandidatoSelecionado@odata.bind":"contacts(@{items('Apply_to_each')?['contactid']})"},"authentication":"@parameters('$authentication')"}}},"runAfter":{"List_records":["Succeeded"]},"type":"Foreach"}},"runAfter":{},"expression":{"equals":["@triggerOutputs()?['body/hp_candidatoselecionado']","@true"]},"type":"If"}}}},"schemaVersion":"1.0.0.0"}