{"properties":{"connectionReferences":{"shared_microsoftforms_1":{"runtimeSource":"embedded","connection":{},"api":{"name":"shared_microsoftforms"}},"shared_commondataserviceforapps":{"runtimeSource":"embedded","connection":{},"api":{"name":"shared_commondataserviceforapps"}}},"definition":{"$schema":"https://schema.management.azure.com/providers/Microsoft.Logic/schemas/2016-06-01/workflowdefinition.json#","contentVersion":"1.0.0.0","parameters":{"$connections":{"defaultValue":{},"type":"Object"},"$authentication":{"defaultValue":{},"type":"SecureObject"}},"triggers":{"When_a_new_response_is_submitted":{"splitOn":"@triggerOutputs()?['body/value']","type":"OpenApiConnectionWebhook","inputs":{"host":{"connectionName":"shared_microsoftforms_1","operationId":"CreateFormWebhook","apiId":"/providers/Microsoft.PowerApps/apis/shared_microsoftforms"},"parameters":{"form_id":"HBQ2z9fdp0WwcxEfZtCzDNBdqxudtIFKvaZ9e2FX3cBUM1VJVlRXSzgzU05WUjhWSkRPVlZTRDdSRy4u"},"authentication":"@parameters('$authentication')"}}},"actions":{"Get_response_details":{"runAfter":{},"type":"OpenApiConnection","inputs":{"host":{"connectionName":"shared_microsoftforms_1","operationId":"GetFormResponseById","apiId":"/providers/Microsoft.PowerApps/apis/shared_microsoftforms"},"parameters":{"form_id":"HBQ2z9fdp0WwcxEfZtCzDNBdqxudtIFKvaZ9e2FX3cBUM1VJVlRXSzgzU05WUjhWSkRPVlZTRDdSRy4u","response_id":"@triggerOutputs()?['body/resourceData/responseId']"},"authentication":"@parameters('$authentication')"}},"Compose":{"runAfter":{"Questão_8":["Succeeded"]},"type":"Compose","inputs":"@{outputs('Get_response_details')?['body/rdd42890a8fe84dfaa8635898e717400e']}\n\n@{outputs('Get_response_details')?['body/r4e359fa7db804b57b2661c3e017b32d4']}\n\n@{outputs('Get_response_details')?['body/r90e8551a831c4e0aaed00fd79ef5026b']}\n\n@{outputs('Get_response_details')?['body/r56ae6ccc605048219ec569713ae72ea1']}\n\n@{outputs('Get_response_details')?['body/r3af9ec87e4ba49cebd13c88a1a1fe085']}\n\n@{outputs('Get_response_details')?['body/r9a865c2208fd4258a52becdbafff92f3']}\n\n@{outputs('Get_response_details')?['body/r8ca9996199124010be09ab1373fd3c4e']}\n\n@{outputs('Get_response_details')?['body/r7a8d73292f7f4a3c8bcb9b43eee049dc']}"},"Questão_1":{"runAfter":{"Nota":["Succeeded"]},"type":"InitializeVariable","inputs":{"variables":[{"name":"varQuestion1","type":"string","value":"@outputs('Get_response_details')?['body/rdd42890a8fe84dfaa8635898e717400e']"}]}},"Questão_2":{"runAfter":{"Questão_1":["Succeeded"]},"type":"InitializeVariable","inputs":{"variables":[{"name":"varQuestion2","type":"string","value":"@outputs('Get_response_details')?['body/r4e359fa7db804b57b2661c3e017b32d4']"}]}},"Questão_3":{"runAfter":{"Questão_2":["Succeeded"]},"type":"InitializeVariable","inputs":{"variables":[{"name":"varQuestion3","type":"string","value":"@outputs('Get_response_details')?['body/r90e8551a831c4e0aaed00fd79ef5026b']"}]}},"Questão_4":{"runAfter":{"Questão_3":["Succeeded"]},"type":"InitializeVariable","inputs":{"variables":[{"name":"varQuestion4","type":"string","value":"@outputs('Get_response_details')?['body/r56ae6ccc605048219ec569713ae72ea1']"}]}},"Questão_5":{"runAfter":{"Questão_4":["Succeeded"]},"type":"InitializeVariable","inputs":{"variables":[{"name":"varQuestion5","type":"string","value":"@outputs('Get_response_details')?['body/r3af9ec87e4ba49cebd13c88a1a1fe085']"}]}},"Questão_6":{"runAfter":{"Questão_5":["Succeeded"]},"type":"InitializeVariable","inputs":{"variables":[{"name":"varQuestion6","type":"string","value":"@outputs('Get_response_details')?['body/r9a865c2208fd4258a52becdbafff92f3']"}]}},"Nota":{"runAfter":{"Get_response_details":["Succeeded"]},"type":"InitializeVariable","inputs":{"variables":[{"name":"varNota","type":"integer","value":0}]}},"Questão_7":{"runAfter":{"Questão_6":["Succeeded"]},"type":"InitializeVariable","inputs":{"variables":[{"name":"varQuestion7","type":"string","value":"@outputs('Get_response_details')?['body/r8ca9996199124010be09ab1373fd3c4e']"}]}},"Questão_8":{"runAfter":{"Questão_7":["Succeeded"]},"type":"InitializeVariable","inputs":{"variables":[{"name":"varQuestion8","type":"string","value":"@outputs('Get_response_details')?['body/r7a8d73292f7f4a3c8bcb9b43eee049dc']"}]}},"List_records":{"runAfter":{"Correção_8":["Succeeded"]},"type":"OpenApiConnection","inputs":{"host":{"connectionName":"shared_commondataserviceforapps","operationId":"ListRecords","apiId":"/providers/Microsoft.PowerApps/apis/shared_commondataserviceforapps"},"parameters":{"entityName":"contacts","fetchXml":"<fetch version=\"1.0\" output-format=\"xml-platform\" mapping=\"logical\" distinct=\"false\">\n  <entity name=\"contact\">\n    <attribute name=\"fullname\" />\n    <attribute name=\"telephone1\" />\n    <attribute name=\"contactid\" />\n    <order attribute=\"fullname\" descending=\"false\" />\n    <filter type=\"and\">\n      <condition attribute=\"emailaddress1\" operator=\"eq\" value=\"@{outputs('Get_response_details')?['body/rd2c40312f4834f02a077e8af45e1df12']}\" />\n    </filter>\n  </entity>\n</fetch>","$top":1},"authentication":"@parameters('$authentication')"}},"Correção_1":{"actions":{"Increment_variable":{"runAfter":{},"type":"IncrementVariable","inputs":{"name":"varNota","value":1}}},"runAfter":{"Compose":["Succeeded"]},"expression":{"equals":["@variables('varQuestion1')","B - UPDATE Contribuinte SET nomeContribuinte='Marcos Silva' WHERE idContribuinte=1;"]},"type":"If"},"Correção_2":{"actions":{"Increment_variable_2":{"runAfter":{},"type":"IncrementVariable","inputs":{"name":"varNota","value":2}}},"runAfter":{"Correção_1":["Succeeded"]},"expression":{"equals":["@variables('varQuestion2')","A - Abstração - Encapsulamento - Herança - Polimorfismo"]},"type":"If"},"Correção_3":{"actions":{"Increment_variable_3":{"runAfter":{},"type":"IncrementVariable","inputs":{"name":"varNota","value":1}}},"runAfter":{"Correção_2":["Succeeded"]},"expression":{"equals":["@variables('varQuestion3')","D - Marcelo teria pago 840 reais e lhe deveria ainda 560."]},"type":"If"},"Correção_4":{"actions":{"Increment_variable_4":{"runAfter":{},"type":"IncrementVariable","inputs":{"name":"varNota","value":1}}},"runAfter":{"Correção_3":["Succeeded"]},"expression":{"equals":["@variables('varQuestion4')","C - Na primeira linha do código, ao declarar a variável 'signo' o tipo de dado string deve ser especificado para o funcionamento do script ocorrer sem erros"]},"type":"If"},"Correção_5":{"actions":{"Increment_variable_5":{"runAfter":{},"type":"IncrementVariable","inputs":{"name":"varNota","value":1}}},"runAfter":{"Correção_4":["Succeeded"]},"expression":{"equals":["@variables('varQuestion5')","Não"]},"type":"If"},"Correção_6":{"actions":{"Increment_variable_6":{"runAfter":{},"type":"IncrementVariable","inputs":{"name":"varNota","value":1}}},"runAfter":{"Correção_5":["Succeeded"]},"expression":{"equals":["@variables('varQuestion6')","A - o método ack retornará o valor 5 presente na variável ack."]},"type":"If"},"Correção_7":{"actions":{"Increment_variable_7":{"runAfter":{},"type":"IncrementVariable","inputs":{"name":"varNota","value":2}}},"runAfter":{"Correção_6":["Succeeded"]},"expression":{"equals":["@variables('varQuestion7')","Sim"]},"type":"If"},"Correção_8":{"actions":{"Increment_variable_8":{"runAfter":{},"type":"IncrementVariable","inputs":{"name":"varNota","value":1}}},"runAfter":{"Correção_7":["Succeeded"]},"expression":{"equals":["@variables('varQuestion8')","D - 25"]},"type":"If"},"Apply_to_each":{"foreach":"@outputs('List_records')?['body/value']","actions":{"Update_a_record":{"runAfter":{},"type":"OpenApiConnection","inputs":{"host":{"connectionName":"shared_commondataserviceforapps","operationId":"UpdateRecord","apiId":"/providers/Microsoft.PowerApps/apis/shared_commondataserviceforapps"},"parameters":{"entityName":"contacts","recordId":"@items('Apply_to_each')?['contactid']","item/hp_notadoteste":"@variables('varNota')"},"authentication":"@parameters('$authentication')"}}},"runAfter":{"List_records":["Succeeded"]},"type":"Foreach"}}}},"schemaVersion":"1.0.0.0"}