{"properties":{"connectionReferences":{"shared_microsoftforms_1":{"runtimeSource":"embedded","connection":{},"api":{"name":"shared_microsoftforms"}},"shared_commondataserviceforapps":{"runtimeSource":"embedded","connection":{},"api":{"name":"shared_commondataserviceforapps"}},"shared_sendmail_1":{"runtimeSource":"embedded","connection":{},"api":{"name":"shared_sendmail"}}},"definition":{"$schema":"https://schema.management.azure.com/providers/Microsoft.Logic/schemas/2016-06-01/workflowdefinition.json#","contentVersion":"1.0.0.0","parameters":{"$connections":{"defaultValue":{},"type":"Object"},"$authentication":{"defaultValue":{},"type":"SecureObject"}},"triggers":{"Quando_uma_nova_resposta_é_enviada":{"splitOn":"@triggerOutputs()?['body/value']","type":"OpenApiConnectionWebhook","inputs":{"host":{"connectionName":"shared_microsoftforms_1","operationId":"CreateFormWebhook","apiId":"/providers/Microsoft.PowerApps/apis/shared_microsoftforms"},"parameters":{"form_id":"HBQ2z9fdp0WwcxEfZtCzDNBdqxudtIFKvaZ9e2FX3cBUNjY1S01JU1c0UE5IVjY1MlczQTFGTTFDSS4u"},"authentication":"@parameters('$authentication')"}}},"actions":{"Obter_os_detalhes_da_resposta":{"runAfter":{},"type":"OpenApiConnection","inputs":{"host":{"connectionName":"shared_microsoftforms_1","operationId":"GetFormResponseById","apiId":"/providers/Microsoft.PowerApps/apis/shared_microsoftforms"},"parameters":{"form_id":"HBQ2z9fdp0WwcxEfZtCzDNBdqxudtIFKvaZ9e2FX3cBUNjY1S01JU1c0UE5IVjY1MlczQTFGTTFDSS4u","response_id":"@triggerOutputs()?['body/resourceData/responseId']"},"authentication":"@parameters('$authentication')"}},"Create_a_new_record":{"runAfter":{"varDataDeNascimento":["Succeeded"]},"type":"OpenApiConnection","inputs":{"host":{"connectionName":"shared_commondataserviceforapps","operationId":"CreateRecord","apiId":"/providers/Microsoft.PowerApps/apis/shared_commondataserviceforapps"},"parameters":{"entityName":"contacts","item/hp_conhecimento":"@outputs('Obter_os_detalhes_da_resposta')?['body/rd53f33f4319c436892bf9e4fa8c1c141']","item/hp_datadenascimento":"@variables('varDataDeNascimento')","item/hp_formacao":"@outputs('Obter_os_detalhes_da_resposta')?['body/r8ebac2a1737a424f8993050ecf1729e5']","item/hp_historicoprofissional":"@outputs('Obter_os_detalhes_da_resposta')?['body/r9da766d072084c9d9ba8322c8aee0e83']","item/hp_resumoprofissional":"@outputs('Obter_os_detalhes_da_resposta')?['body/rf23a1a93d8464d1ebd25a866f75c4ceb']","item/lastname":"@outputs('Obter_os_detalhes_da_resposta')?['body/r8ff7935db89149ada895561a320430c0']","item/emailaddress1":"@outputs('Obter_os_detalhes_da_resposta')?['body/r145a8a0f2aef42399e90c0112dd4453c']","item/address1_postalcode":"@outputs('Obter_os_detalhes_da_resposta')?['body/rc8a30a1938504dad908482d7a9589a6c']","item/address1_line1":"@outputs('Obter_os_detalhes_da_resposta')?['body/rcb62cf5c0bd443089ba6a499d6ce07c7']","item/firstname":"@outputs('Obter_os_detalhes_da_resposta')?['body/rb128b8edf271456684cd9d7fbebe0c6c']","item/mobilephone":"@outputs('Obter_os_detalhes_da_resposta')?['body/raae9be2c8aaa401e9ddd990c660db6c8']","item/hp_certificacoes":"@outputs('Obter_os_detalhes_da_resposta')?['body/r6fa746e036864a6e9daca8a3d14d096d']","item/hp_cursos":"@outputs('Obter_os_detalhes_da_resposta')?['body/r56289ac112ac46819d9c9d52e33a2362']","item/hp_idiomas":"@outputs('Obter_os_detalhes_da_resposta')?['body/rc9a87a68b83f423fa3ed4fb15d9bcbc4']","item/hp_sexo":"@outputs('Obter_os_detalhes_da_resposta')?['body/r310a13e5df534d8da8e74db58c1dffd8']"},"authentication":"@parameters('$authentication')"}},"varDataDeNascimento":{"runAfter":{"Obter_os_detalhes_da_resposta":["Succeeded"]},"type":"InitializeVariable","inputs":{"variables":[{"name":"varDataDeNascimento","type":"string","value":"@outputs('Obter_os_detalhes_da_resposta')?['body/re8349d31f10b4a6cad8a4208bab5f893']"}]}},"Send_an_email_notification_(V3)":{"runAfter":{"Create_a_new_record":["Succeeded"]},"type":"OpenApiConnection","inputs":{"host":{"connectionName":"shared_sendmail_1","operationId":"SendEmailV3","apiId":"/providers/Microsoft.PowerApps/apis/shared_sendmail"},"parameters":{"request/to":"@{outputs('Create_a_new_record')?['body/emailaddress1']};","request/subject":"[Hiring Pipeline] Confirmação de recebimento - Questionário técnico","request/text":"<p><img style=\"display: block; margin-left: auto; margin-right: auto;\" src=\"https://blog.close.com/content/images/hub/315483/file-2465997356-png/we-are-hiring.png\" alt=\"bears\" width=\"312\" height=\"248\" /></p>\n<p style=\"text-align: center;\"><br /> <span style=\"font-family: arial;\"><strong>Ol&aacute; </strong></span><span style=\"font-family: arial;\"><strong>@{outputs('Obter_os_detalhes_da_resposta')?['body/rb128b8edf271456684cd9d7fbebe0c6c']}</strong></span><span style=\"font-family: arial;\"><strong>,</strong></span><span style=\"font-family: arial;\"><br /> </span></p>\n<p style=\"text-align: center;\"><span style=\"font-family: arial;\"><br /> Obrigado por participar do nosso processo seletivo!<br /> </span></p>\n<p style=\"text-align: center;\"><span style=\"font-family: arial;\"><br /> Por gentileza preencha o nosso question&aacute;rio t&eacute;cnico clicando <a href=\"https://forms.office.com/Pages/ResponsePage.aspx?id=HBQ2z9fdp0WwcxEfZtCzDNBdqxudtIFKvaZ9e2FX3cBUM1VJVlRXSzgzU05WUjhWSkRPVlZTRDdSRy4u\">aqui</a>&nbsp;utilizando o mesmo e-mail do cadastro. </span></p>\n<p style=\"text-align: center;\"><span style=\"font-family: arial;\">Caso n&atilde;o consiga acessar copie o link abaixo no seu navegador:</span></p>\n<p style=\"text-align: center;\"><span style=\"font-family: arial;\"><a href=\"https://forms.office.com/Pages/ResponsePage.aspx?id=HBQ2z9fdp0WwcxEfZtCzDNBdqxudtIFKvaZ9e2FX3cBUM1VJVlRXSzgzU05WUjhWSkRPVlZTRDdSRy4u\">https://forms.office.com/Pages/ResponsePage.aspx?id=HBQ2z9fdp0WwcxEfZtCzDNBdqxudtIFKvaZ9e2FX3cBUM1VJVlRXSzgzU05WUjhWSkRPVlZTRDdSRy4u</a><br /> </span></p>\n<p style=\"text-align: center;\"><span style=\"font-family: arial;\">Voc&ecirc; pode tamb&eacute;m escanear o QR Code com o seu celular</span>&nbsp;</p>\n<p><img style=\"display: block; margin-left: auto; margin-right: auto;\" src=\"https://chart.googleapis.com/chart?chs=200x200&amp;cht=qr&amp;chl=https://forms.office.com/Pages/ResponsePage.aspx?id=HBQ2z9fdp0WwcxEfZtCzDNBdqxudtIFKvaZ9e2FX3cBUM1VJVlRXSzgzU05WUjhWSkRPVlZTRDdSRy4u\" alt=\"QR\" /></p>\n<p style=\"text-align: center;\"><span style=\"font-family: arial;\"><strong>N&oacute;s da equipe Hiring Pipeline agradecemos o seu contato, boa sorte!</strong></span></p>\n<p style=\"text-align: center;\">&nbsp;</p>"},"authentication":"@parameters('$authentication')"}}}}},"schemaVersion":"1.0.0.0"}