{"properties":{"connectionReferences":{"shared_commondataserviceforapps":{"runtimeSource":"embedded","connection":{},"api":{"name":"shared_commondataserviceforapps"}},"shared_sendmail":{"runtimeSource":"embedded","connection":{},"api":{"name":"shared_sendmail"}}},"definition":{"$schema":"https://schema.management.azure.com/providers/Microsoft.Logic/schemas/2016-06-01/workflowdefinition.json#","contentVersion":"1.0.0.0","parameters":{"$connections":{"defaultValue":{},"type":"Object"},"$authentication":{"defaultValue":{},"type":"SecureObject"}},"triggers":{"When_a_record_is_created,_updated_or_deleted":{"type":"OpenApiConnectionWebhook","inputs":{"host":{"connectionName":"shared_commondataserviceforapps","operationId":"SubscribeWebhookTrigger","apiId":"/providers/Microsoft.PowerApps/apis/shared_commondataserviceforapps"},"parameters":{"subscriptionRequest/message":3,"subscriptionRequest/entityname":"hp_candidato","subscriptionRequest/scope":4},"authentication":"@parameters('$authentication')"}}},"actions":{"Condition":{"actions":{"Pega_registro_de_contato_relacionado_ao_candidato":{"runAfter":{},"type":"OpenApiConnection","inputs":{"host":{"connectionName":"shared_commondataserviceforapps","operationId":"GetItem","apiId":"/providers/Microsoft.PowerApps/apis/shared_commondataserviceforapps"},"parameters":{"entityName":"contacts","recordId":"@triggerOutputs()?['body/_hp_contato_value']"},"authentication":"@parameters('$authentication')"}},"Envia_e-mail":{"runAfter":{"Pega_registro_da_vaga_relacionada_ao_candidato":["Succeeded"]},"type":"OpenApiConnection","inputs":{"host":{"connectionName":"shared_sendmail","operationId":"SendEmailV3","apiId":"/providers/Microsoft.PowerApps/apis/shared_sendmail"},"parameters":{"request/to":"@{outputs('Pega_registro_de_contato_relacionado_ao_candidato')?['body/emailaddress1']};","request/subject":"[Hiring Pipeline]  Agendamento de entrevista com RH","request/text":"<p><img style=\"display: block; margin-left: auto; margin-right: auto;\" src=\"https://blog.close.com/content/images/hub/315483/file-2465997356-png/we-are-hiring.png\" alt=\"bears\" width=\"312\" height=\"248\" /></p>\n<p style=\"text-align: center;\"><br /> <span style=\"font-family: arial;\"><strong>Ol&aacute; @{outputs('Pega_registro_de_contato_relacionado_ao_candidato')?['body/firstname']}</strong></span><span style=\"font-family: arial;\"><strong>,</strong></span></p>\n<p style=\"text-align: center;\"><span style=\"font-family: arial;\"><br /><strong>Parab&eacute;ns!!!</strong> voc&ecirc; passou para a pr&oacute;xima fase do processo seletivo para a vaga:</span></p>\n<p style=\"text-align: center;\"><span style=\"font-family: arial;\"><strong>@{outputs('Pega_registro_da_vaga_relacionada_ao_candidato')?['body/hp_nome']}</strong>.<br /> </span></p>\n<p style=\"text-align: center;\">Agora iremos marcar uma entrevista com a equipe t&eacute;cnica e gestores, no dia<strong> @{variables('varData')}</strong> &agrave;s <strong>@{variables('varHora')}</strong> horas.</p>\n<p style=\"text-align: center;\">Nosso endere&ccedil;o:</p>\n<p style=\"text-align: center;\">Av. Francisco Pignatari, 650 - Vila Gustavo Correia, Carapicu&iacute;ba - SP, 06310-390</p>\n<p style=\"text-align: center;\"><em><strong>Por gentileza responder esse e-mail confirmando sua presen&ccedil;a.</strong></em></p>\n<p style=\"text-align: center;\">&nbsp;</p>\n<p style=\"text-align: center;\"><span style=\"font-family: arial;\"><strong>N&oacute;s da equipe Hiring Pipeline agradecemos o seu contato, boa sorte!</strong></span></p>\n<p style=\"text-align: center;\">&nbsp;</p>"},"authentication":"@parameters('$authentication')"}},"Pega_registro_da_vaga_relacionada_ao_candidato":{"runAfter":{"Pega_registro_de_contato_relacionado_ao_candidato":["Succeeded"]},"type":"OpenApiConnection","inputs":{"host":{"connectionName":"shared_commondataserviceforapps","operationId":"GetItem","apiId":"/providers/Microsoft.PowerApps/apis/shared_commondataserviceforapps"},"parameters":{"entityName":"hp_vagas","recordId":"@triggerOutputs()?['body/_hp_vaga_value']"},"authentication":"@parameters('$authentication')"}}},"runAfter":{"Compose":["Succeeded"]},"expression":{"and":[{"not":{"equals":["@triggerOutputs()?['body/hp_entrevistatecnica']","@null"]}},{"equals":["@triggerOutputs()?['body/hp_aprovadopelorh']","@true"]},{"equals":["@triggerOutputs()?['body/hp_statusdoprocesso']",778300001]},{"equals":["@triggerOutputs()?['body/hp_aprovdapelaareatecnica']","@false"]}]},"type":"If"},"Convert_time_zone":{"runAfter":{},"type":"Expression","kind":"ConvertTimeZone","inputs":{"baseTime":"@triggerOutputs()?['body/hp_entrevistatecnica']","formatString":"dd/MM/yyyyHH:mm:ss","sourceTimeZone":"Central Standard Time","destinationTimeZone":"E. South America Standard Time"}},"Inicia_variável_data_como_string":{"runAfter":{"Convert_time_zone":["Succeeded"]},"type":"InitializeVariable","inputs":{"variables":[{"name":"varData","type":"string","value":" @{substring(body('Convert_time_zone'),0,10)}"}]}},"Inicia_variável_hora_como_string":{"runAfter":{"Inicia_variável_data_como_string":["Succeeded"]},"type":"InitializeVariable","inputs":{"variables":[{"name":"varHora","type":"string","value":"@{substring(body('Convert_time_zone'),10, 8)}"}]}},"Compose":{"runAfter":{"Inicia_variável_hora_como_string":["Succeeded"]},"type":"Compose","inputs":"@{triggerOutputs()?['body/hp_entrevistatecnica']}\n\n@{triggerOutputs()?['body/hp_aprovadopelorh']}\n\n@{triggerOutputs()?['body/hp_statusdoprocesso']}\n\n@{triggerOutputs()?['body/hp_aprovdapelaareatecnica']}"}}}},"schemaVersion":"1.0.0.0"}