{"properties":{"connectionReferences":{"shared_commondataserviceforapps":{"runtimeSource":"embedded","connection":{},"api":{"name":"shared_commondataserviceforapps"}}},"definition":{"$schema":"https://schema.management.azure.com/providers/Microsoft.Logic/schemas/2016-06-01/workflowdefinition.json#","contentVersion":"1.0.0.0","parameters":{"$connections":{"defaultValue":{},"type":"Object"},"$authentication":{"defaultValue":{},"type":"SecureObject"}},"triggers":{"When_a_record_is_created,_updated_or_deleted":{"type":"OpenApiConnectionWebhook","inputs":{"host":{"connectionName":"shared_commondataserviceforapps","operationId":"SubscribeWebhookTrigger","apiId":"/providers/Microsoft.PowerApps/apis/shared_commondataserviceforapps"},"parameters":{"subscriptionRequest/message":1,"subscriptionRequest/entityname":"hp_vaga","subscriptionRequest/scope":4},"authentication":"@parameters('$authentication')"}}},"actions":{"Apply_to_each":{"foreach":"@outputs('Listar_contatos')?['body/value']","actions":{"Cria_o_registro_de_candidato":{"runAfter":{},"type":"OpenApiConnection","inputs":{"host":{"connectionName":"shared_commondataserviceforapps","operationId":"CreateRecord","apiId":"/providers/Microsoft.PowerApps/apis/shared_commondataserviceforapps"},"parameters":{"entityName":"hp_candidatos","item/hp_nome":"@items('Apply_to_each')?['fullname']","item/hp_contato@odata.bind":"contacts(@{items('Apply_to_each')?['contactid']})","item/statuscode":1,"item/hp_statusdoprocesso":778300000,"item/hp_vaga@odata.bind":"hp_vagas(@{triggerOutputs()?['body/hp_vagaid']})"},"authentication":"@parameters('$authentication')"}}},"runAfter":{"Listar_contatos":["Succeeded"]},"type":"Foreach"},"Listar_contatos":{"runAfter":{},"type":"OpenApiConnection","inputs":{"host":{"connectionName":"shared_commondataserviceforapps","operationId":"ListRecords","apiId":"/providers/Microsoft.PowerApps/apis/shared_commondataserviceforapps"},"parameters":{"entityName":"contacts","fetchXml":"<fetch version=\"1.0\" output-format=\"xml-platform\" mapping=\"logical\" distinct=\"false\">\n  <entity name=\"contact\">\n    <attribute name=\"fullname\" />\n    <attribute name=\"telephone1\" />\n    <attribute name=\"contactid\" />\n    <attribute name=\"hp_notadoteste\" />\n    <attribute name=\"hp_conhecimento\" />\n    <order attribute=\"hp_notadoteste\" descending=\"true\" />\n    <filter type=\"and\">\n      <condition attribute=\"hp_idiomas\" operator=\"like\" value=\"%@{triggerOutputs()?['body/hp_idioma_necessario']}%\" />\n      <condition attribute=\"hp_conhecimento\" operator=\"like\" value=\"%@{triggerOutputs()?['body/hp_conhecimenti_necessario']}%\" />\n      <condition attribute=\"hp_notadoteste\" operator=\"ge\" value=\"@{triggerOutputs()?['body/hp_notadecorte']}\" />\n    </filter>\n  </entity>\n</fetch>","$top":10},"authentication":"@parameters('$authentication')"}}},"outputs":{}}},"schemaVersion":"1.0.0.0"}