<ImportExportXml version="9.1.0.20144" SolutionPackageVersion="9.1" languagecode="1046" generatedBy="CrmLive" xmlns:xsi="http://www.w3.org/2001/XMLSchema-instance">
  <SolutionManifest>
    <UniqueName>HiringPipelineSistemadecontratao</UniqueName>
    <LocalizedNames>
      <LocalizedName description="[Hiring Pipeline] Sistema de contratação" languagecode="1046" />
    </LocalizedNames>
    <Descriptions />
    <Version>1.0.0.8</Version>
    <Managed>0</Managed>
    <Publisher>
      <UniqueName>adm_hiring</UniqueName>
      <LocalizedNames>
        <LocalizedName description="adm_hiring" languagecode="1046" />
      </LocalizedNames>
      <Descriptions />
      <EMailAddress xsi:nil="true"></EMailAddress>
      <SupportingWebsiteUrl xsi:nil="true"></SupportingWebsiteUrl>
      <CustomizationPrefix>hp</CustomizationPrefix>
      <CustomizationOptionValuePrefix>77830</CustomizationOptionValuePrefix>
      <Addresses>
        <Address>
          <AddressNumber>1</AddressNumber>
          <AddressTypeCode>1</AddressTypeCode>
          <City xsi:nil="true"></City>
          <County xsi:nil="true"></County>
          <Country xsi:nil="true"></Country>
          <Fax xsi:nil="true"></Fax>
          <FreightTermsCode xsi:nil="true"></FreightTermsCode>
          <ImportSequenceNumber xsi:nil="true"></ImportSequenceNumber>
          <Latitude xsi:nil="true"></Latitude>
          <Line1 xsi:nil="true"></Line1>
          <Line2 xsi:nil="true"></Line2>
          <Line3 xsi:nil="true"></Line3>
          <Longitude xsi:nil="true"></Longitude>
          <Name xsi:nil="true"></Name>
          <PostalCode xsi:nil="true"></PostalCode>
          <PostOfficeBox xsi:nil="true"></PostOfficeBox>
          <PrimaryContactName xsi:nil="true"></PrimaryContactName>
          <ShippingMethodCode>1</ShippingMethodCode>
          <StateOrProvince xsi:nil="true"></StateOrProvince>
          <Telephone1 xsi:nil="true"></Telephone1>
          <Telephone2 xsi:nil="true"></Telephone2>
          <Telephone3 xsi:nil="true"></Telephone3>
          <TimeZoneRuleVersionNumber xsi:nil="true"></TimeZoneRuleVersionNumber>
          <UPSZone xsi:nil="true"></UPSZone>
          <UTCOffset xsi:nil="true"></UTCOffset>
          <UTCConversionTimeZoneCode xsi:nil="true"></UTCConversionTimeZoneCode>
        </Address>
        <Address>
          <AddressNumber>2</AddressNumber>
          <AddressTypeCode>1</AddressTypeCode>
          <City xsi:nil="true"></City>
          <County xsi:nil="true"></County>
          <Country xsi:nil="true"></Country>
          <Fax xsi:nil="true"></Fax>
          <FreightTermsCode xsi:nil="true"></FreightTermsCode>
          <ImportSequenceNumber xsi:nil="true"></ImportSequenceNumber>
          <Latitude xsi:nil="true"></Latitude>
          <Line1 xsi:nil="true"></Line1>
          <Line2 xsi:nil="true"></Line2>
          <Line3 xsi:nil="true"></Line3>
          <Longitude xsi:nil="true"></Longitude>
          <Name xsi:nil="true"></Name>
          <PostalCode xsi:nil="true"></PostalCode>
          <PostOfficeBox xsi:nil="true"></PostOfficeBox>
          <PrimaryContactName xsi:nil="true"></PrimaryContactName>
          <ShippingMethodCode>1</ShippingMethodCode>
          <StateOrProvince xsi:nil="true"></StateOrProvince>
          <Telephone1 xsi:nil="true"></Telephone1>
          <Telephone2 xsi:nil="true"></Telephone2>
          <Telephone3 xsi:nil="true"></Telephone3>
          <TimeZoneRuleVersionNumber xsi:nil="true"></TimeZoneRuleVersionNumber>
          <UPSZone xsi:nil="true"></UPSZone>
          <UTCOffset xsi:nil="true"></UTCOffset>
          <UTCConversionTimeZoneCode xsi:nil="true"></UTCConversionTimeZoneCode>
        </Address>
      </Addresses>
    </Publisher>
    <RootComponents>
      <RootComponent type="1" schemaName="contact" behavior="2" />
      <RootComponent type="1" schemaName="hp_candidato" behavior="0" />
      <RootComponent type="1" schemaName="hp_fluxodecandidato" behavior="0" />
      <RootComponent type="1" schemaName="hp_fluxodevagas" behavior="0" />
      <RootComponent type="1" schemaName="hp_vaga" behavior="0" />
      <RootComponent type="9" schemaName="hp_conhecimentos" behavior="0" />
      <RootComponent type="9" schemaName="hp_idiomas_padroes" behavior="0" />
      <RootComponent type="9" schemaName="hp_statusdoprocesso" behavior="0" />
      <RootComponent type="29" id="{18aa0c77-3079-4d68-8b4f-5ccb75cc6488}" behavior="0" />
      <RootComponent type="29" id="{5c061d78-30be-ea11-a812-000d3ac02f8c}" behavior="0" />
      <RootComponent type="29" id="{79ab42f2-4fb3-ea11-a812-000d3ac1f4f5}" behavior="0" />
      <RootComponent type="29" id="{9277ef55-8138-4ce4-8c75-a899e4dacc0e}" behavior="0" />
      <RootComponent type="29" id="{a54c5da9-ef9b-49b5-b085-9d72ae40ba49}" behavior="0" />
      <RootComponent type="29" id="{c8d4fd45-01b9-ea11-a812-000d3ac1f4f5}" behavior="0" />
      <RootComponent type="29" id="{c9d4fd45-01b9-ea11-a812-000d3ac1f4f5}" behavior="0" />
      <RootComponent type="29" id="{cad4fd45-01b9-ea11-a812-000d3ac1f4f5}" behavior="0" />
      <RootComponent type="29" id="{f892ead6-4cb3-ea11-a812-000d3ac1f4f5}" behavior="0" />
      <RootComponent type="29" id="{f992ead6-4cb3-ea11-a812-000d3ac1f4f5}" behavior="0" />
      <RootComponent type="60" id="{08c1546c-fda8-ea11-a812-000d3ac1f4f5}" behavior="0" />
      <RootComponent type="60" id="{a4f1e22a-34c5-ea11-a812-000d3ac02f8c}" behavior="0" />
      <RootComponent type="62" schemaName="cra7c_HiringPipelineRecursosHumanos" behavior="0" />
      <RootComponent type="80" schemaName="cra7c_HiringPipelineRecursosHumanos" behavior="0" />
      <RootComponent type="431" schemaName="hp_candidato hp_imagem" behavior="0" />
      <RootComponent type="432" schemaName="hp_candidato" behavior="0" />
    </RootComponents>
    <MissingDependencies>
      <MissingDependency>
        <Required key="0" type="1" schemaName="lead" displayName="Cliente Potencial" solution="msdynce_LeadManagement (9.0.4.0066)" />
        <Dependent key="1" type="80" schemaName="cra7c_HiringPipelineRecursosHumanos" displayName="[Hiring Pipeline] Recursos Humanos" />
      </MissingDependency>
      <MissingDependency>
        <Required key="2" type="1" schemaName="opportunity" displayName="Oportunidade" solution="msdynce_Sales (9.0.4.0076)" />
        <Dependent key="1" type="80" schemaName="cra7c_HiringPipelineRecursosHumanos" displayName="[Hiring Pipeline] Recursos Humanos" />
      </MissingDependency>
      <MissingDependency>
        <Required key="3" type="61" schemaName="msdyn_/Images/AppModule_Default_Icon.png" displayName="msdyn_/Images/AppModule_Default_Icon.png" solution="AppModuleWebResources (2.5)" />
        <Dependent key="1" type="80" schemaName="cra7c_HiringPipelineRecursosHumanos" displayName="[Hiring Pipeline] Recursos Humanos" />
      </MissingDependency>
      <MissingDependency>
        <Required key="4" type="29" displayName="Fluxo de distribuição de registros de entidade" solution="OmnichannelBase (1.5.0.383)" id="{18aa0c77-3079-4d68-8b4f-5ccb75cc6488}" />
        <Dependent key="4" type="29" displayName="Fluxo de distribuição de registros de entidade" id="{18aa0c77-3079-4d68-8b4f-5ccb75cc6488}" />
      </MissingDependency>
      <MissingDependency>
        <Required key="5" type="61" schemaName="msdyn_talkingpointsloader.js" displayName="msdyn_talkingpointsloader.js" solution="msdynce_Talkingpoints (9.0.1.701062)" />
        <Dependent key="6" type="60" displayName="Formulário Candidato" parentDisplayName="Contato" id="{08c1546c-fda8-ea11-a812-000d3ac1f4f5}" />
      </MissingDependency>
      <MissingDependency>
        <Required key="7" type="61" schemaName="msdyn_/Contact/Contact.Library.js" displayName="msdyn_/Contact/Contact.Library.js" solution="FieldService (8.8.0.88)" />
        <Dependent key="6" type="60" displayName="Formulário Candidato" parentDisplayName="Contato" id="{08c1546c-fda8-ea11-a812-000d3ac1f4f5}" />
      </MissingDependency>
    </MissingDependencies>
  </SolutionManifest>
</ImportExportXml>